;route_id;service_id;monday;tuesday;wednesday;thursday;friday;saturday;sunday;start_date;end_date;count
0;137;2784951;0.0;0.0;0.0;0.0;0.0;1.0;1.0;20190823.0;20301231.0;2286
1;1410;1;1.0;1.0;1.0;1.0;1.0;0.0;0.0;20201001.0;20210430.0;7738
2;1410;2;0.0;0.0;0.0;0.0;0.0;1.0;1.0;20201001.0;20210430.0;6235
3;1410;3;1.0;1.0;1.0;1.0;1.0;0.0;0.0;20200501.0;20200930.0;7642
4;1410;4;0.0;0.0;0.0;0.0;0.0;1.0;1.0;20200501.0;20200930.0;6029
5;141011;1;1.0;1.0;1.0;1.0;1.0;0.0;0.0;20201001.0;20210430.0;1105
6;141011;2;0.0;0.0;0.0;0.0;0.0;1.0;1.0;20201001.0;20210430.0;782
7;141011;3;1.0;1.0;1.0;1.0;1.0;0.0;0.0;20200501.0;20200930.0;1105
8;141011;4;0.0;0.0;0.0;0.0;0.0;1.0;1.0;20200501.0;20200930.0;782
9;141012;1;1.0;1.0;1.0;1.0;1.0;0.0;0.0;20201001.0;20210430.0;1505
10;141012;2;0.0;0.0;0.0;0.0;0.0;1.0;1.0;20201001.0;20210430.0;1523
11;141012;3;1.0;1.0;1.0;1.0;1.0;0.0;0.0;20200501.0;20200930.0;1505
12;141012;4;0.0;0.0;0.0;0.0;0.0;1.0;1.0;20200501.0;20200930.0;1523
13;141013;1;1.0;1.0;1.0;1.0;1.0;0.0;0.0;20201001.0;20210430.0;5180
14;141013;2;0.0;0.0;0.0;0.0;0.0;1.0;1.0;20201001.0;20210430.0;2884
15;141013;3;1.0;1.0;1.0;1.0;1.0;0.0;0.0;20200501.0;20200930.0;5068
16;141013;4;0.0;0.0;0.0;0.0;0.0;1.0;1.0;20200501.0;20200930.0;2744
17;141014;1;1.0;1.0;1.0;1.0;1.0;0.0;0.0;20201001.0;20210430.0;6687
18;141014;2;0.0;0.0;0.0;0.0;0.0;1.0;1.0;20201001.0;20210430.0;3476
19;141014;3;1.0;1.0;1.0;1.0;1.0;0.0;0.0;20200501.0;20200930.0;6707
20;141014;4;0.0;0.0;0.0;0.0;0.0;1.0;1.0;20200501.0;20200930.0;3476
21;141015;1;1.0;1.0;1.0;1.0;1.0;0.0;0.0;20201001.0;20210430.0;3975
22;141015;2;0.0;0.0;0.0;0.0;0.0;1.0;1.0;20201001.0;20210430.0;2450
23;141015;3;1.0;1.0;1.0;1.0;1.0;0.0;0.0;20200501.0;20200930.0;4225
24;141015;4;0.0;0.0;0.0;0.0;0.0;1.0;1.0;20200501.0;20200930.0;2200
25;141016;1;1.0;1.0;1.0;1.0;1.0;0.0;0.0;20201001.0;20210430.0;3726
26;141016;2;0.0;0.0;0.0;0.0;0.0;1.0;1.0;20201001.0;20210430.0;3294
27;141016;3;1.0;1.0;1.0;1.0;1.0;0.0;0.0;20200501.0;20200930.0;3618
28;141016;4;0.0;0.0;0.0;0.0;0.0;1.0;1.0;20200501.0;20200930.0;3186
29;141017;1;1.0;1.0;1.0;1.0;1.0;0.0;0.0;20201001.0;20210430.0;5226
30;141017;2;0.0;0.0;0.0;0.0;0.0;1.0;1.0;20201001.0;20210430.0;3313
31;141017;3;1.0;1.0;1.0;1.0;1.0;0.0;0.0;20200501.0;20200930.0;4837
32;141017;4;0.0;0.0;0.0;0.0;0.0;1.0;1.0;20200501.0;20200930.0;3183
33;141018;1;1.0;1.0;1.0;1.0;1.0;0.0;0.0;20201001.0;20210430.0;1729
34;141018;2;0.0;0.0;0.0;0.0;0.0;1.0;1.0;20201001.0;20210430.0;1121
35;141018;3;1.0;1.0;1.0;1.0;1.0;0.0;0.0;20200501.0;20200930.0;1691
36;141018;4;0.0;0.0;0.0;0.0;0.0;1.0;1.0;20200501.0;20200930.0;1121
37;141019;1;1.0;1.0;1.0;1.0;1.0;0.0;0.0;20201001.0;20210430.0;2705
38;141019;2;0.0;0.0;0.0;0.0;0.0;1.0;1.0;20201001.0;20210430.0;2236
39;141019;3;1.0;1.0;1.0;1.0;1.0;0.0;0.0;20200501.0;20200930.0;2705
40;141019;4;0.0;0.0;0.0;0.0;0.0;1.0;1.0;20200501.0;20200930.0;2236
41;141021;1;1.0;1.0;1.0;1.0;1.0;0.0;0.0;20201001.0;20210430.0;5458
42;141021;2;0.0;0.0;0.0;0.0;0.0;1.0;1.0;20201001.0;20210430.0;2804
43;141021;3;1.0;1.0;1.0;1.0;1.0;0.0;0.0;20200501.0;20200930.0;5304
44;141021;4;0.0;0.0;0.0;0.0;0.0;1.0;1.0;20200501.0;20200930.0;2804
45;141022;1;1.0;1.0;1.0;1.0;1.0;0.0;0.0;20201001.0;20210430.0;2277
46;141022;2;0.0;0.0;0.0;0.0;0.0;1.0;1.0;20201001.0;20210430.0;1943
47;141022;3;1.0;1.0;1.0;1.0;1.0;0.0;0.0;20200501.0;20200930.0;2277
48;141022;4;0.0;0.0;0.0;0.0;0.0;1.0;1.0;20200501.0;20200930.0;1943
49;141023;1;1.0;1.0;1.0;1.0;1.0;0.0;0.0;20201001.0;20210430.0;911
50;141023;2;0.0;0.0;0.0;0.0;0.0;1.0;1.0;20201001.0;20210430.0;911
51;141023;3;1.0;1.0;1.0;1.0;1.0;0.0;0.0;20200501.0;20200930.0;911
52;141023;4;0.0;0.0;0.0;0.0;0.0;1.0;1.0;20200501.0;20200930.0;911
53;141024;1;1.0;1.0;1.0;1.0;1.0;0.0;0.0;20201001.0;20210430.0;1660
54;141024;2;0.0;0.0;0.0;0.0;0.0;1.0;1.0;20201001.0;20210430.0;2069
55;141024;3;1.0;1.0;1.0;1.0;1.0;0.0;0.0;20200501.0;20200930.0;1509
56;141024;4;0.0;0.0;0.0;0.0;0.0;1.0;1.0;20200501.0;20200930.0;1798
57;141025;1;1.0;1.0;1.0;1.0;1.0;0.0;0.0;20201001.0;20210430.0;2517
58;141025;2;0.0;0.0;0.0;0.0;0.0;1.0;1.0;20201001.0;20210430.0;2186
59;141025;3;1.0;1.0;1.0;1.0;1.0;0.0;0.0;20200501.0;20200930.0;2517
60;141025;4;0.0;0.0;0.0;0.0;0.0;1.0;1.0;20200501.0;20200930.0;2186
61;141026;1;1.0;1.0;1.0;1.0;1.0;0.0;0.0;20201001.0;20210430.0;2564
62;141026;2;0.0;0.0;0.0;0.0;0.0;1.0;1.0;20201001.0;20210430.0;2257
63;141026;3;1.0;1.0;1.0;1.0;1.0;0.0;0.0;20200501.0;20200930.0;2359
64;141026;4;0.0;0.0;0.0;0.0;0.0;1.0;1.0;20200501.0;20200930.0;2134
65;141027;1;1.0;1.0;1.0;1.0;1.0;0.0;0.0;20201001.0;20210430.0;3021
66;141027;2;0.0;0.0;0.0;0.0;0.0;1.0;1.0;20201001.0;20210430.0;2544
67;141027;3;1.0;1.0;1.0;1.0;1.0;0.0;0.0;20200501.0;20200930.0;2968
68;141027;4;0.0;0.0;0.0;0.0;0.0;1.0;1.0;20200501.0;20200930.0;2544
69;141028;1;1.0;1.0;1.0;1.0;1.0;0.0;0.0;20201001.0;20210430.0;1851
70;141028;2;0.0;0.0;0.0;0.0;0.0;1.0;1.0;20201001.0;20210430.0;3180
71;141028;3;1.0;1.0;1.0;1.0;1.0;0.0;0.0;20200501.0;20200930.0;1755
72;141028;4;0.0;0.0;0.0;0.0;0.0;1.0;1.0;20200501.0;20200930.0;2890
73;141029;1;1.0;1.0;1.0;1.0;1.0;0.0;0.0;20201001.0;20210430.0;988
74;141029;2;0.0;0.0;0.0;0.0;0.0;1.0;1.0;20201001.0;20210430.0;650
75;141029;3;1.0;1.0;1.0;1.0;1.0;0.0;0.0;20200501.0;20200930.0;923
76;141029;4;0.0;0.0;0.0;0.0;0.0;1.0;1.0;20200501.0;20200930.0;637
77;141031;1;1.0;1.0;1.0;1.0;1.0;0.0;0.0;20201001.0;20210430.0;2448
78;141031;2;0.0;0.0;0.0;0.0;0.0;1.0;1.0;20201001.0;20210430.0;2628
79;141031;3;1.0;1.0;1.0;1.0;1.0;0.0;0.0;20200501.0;20200930.0;2448
80;141031;4;0.0;0.0;0.0;0.0;0.0;1.0;1.0;20200501.0;20200930.0;2628
81;141032;1;1.0;1.0;1.0;1.0;1.0;0.0;0.0;20201001.0;20210430.0;4880
82;141032;2;0.0;0.0;0.0;0.0;0.0;1.0;1.0;20201001.0;20210430.0;4941
83;141032;3;1.0;1.0;1.0;1.0;1.0;0.0;0.0;20200501.0;20200930.0;4819
84;141032;4;0.0;0.0;0.0;0.0;0.0;1.0;1.0;20200501.0;20200930.0;4270
85;141033;1;1.0;1.0;1.0;1.0;1.0;0.0;0.0;20201001.0;20210430.0;2016
86;141033;2;0.0;0.0;0.0;0.0;0.0;1.0;1.0;20201001.0;20210430.0;1736
87;141033;3;1.0;1.0;1.0;1.0;1.0;0.0;0.0;20200501.0;20200930.0;2016
88;141033;4;0.0;0.0;0.0;0.0;0.0;1.0;1.0;20200501.0;20200930.0;1736
89;141034;1;1.0;1.0;1.0;1.0;1.0;0.0;0.0;20201001.0;20210430.0;4536
90;141034;2;0.0;0.0;0.0;0.0;0.0;1.0;1.0;20201001.0;20210430.0;3456
91;141034;3;1.0;1.0;1.0;1.0;1.0;0.0;0.0;20200501.0;20200930.0;4248
92;141034;4;0.0;0.0;0.0;0.0;0.0;1.0;1.0;20200501.0;20200930.0;3456
93;141035;1;1.0;1.0;1.0;1.0;1.0;0.0;0.0;20201001.0;20210430.0;912
94;141035;2;0.0;0.0;0.0;0.0;0.0;1.0;1.0;20201001.0;20210430.0;720
95;141035;3;1.0;1.0;1.0;1.0;1.0;0.0;0.0;20200501.0;20200930.0;864
96;141035;4;0.0;0.0;0.0;0.0;0.0;1.0;1.0;20200501.0;20200930.0;720
97;141036;1;1.0;1.0;1.0;1.0;1.0;0.0;0.0;20201001.0;20210430.0;5584
98;141036;2;0.0;0.0;0.0;0.0;0.0;1.0;1.0;20201001.0;20210430.0;3675
99;141036;3;1.0;1.0;1.0;1.0;1.0;0.0;0.0;20200501.0;20200930.0;5475
100;141036;4;0.0;0.0;0.0;0.0;0.0;1.0;1.0;20200501.0;20200930.0;3143
101;141037;1;1.0;1.0;1.0;1.0;1.0;0.0;0.0;20201001.0;20210430.0;4346
102;141037;2;0.0;0.0;0.0;0.0;0.0;1.0;1.0;20201001.0;20210430.0;4028
103;141037;3;1.0;1.0;1.0;1.0;1.0;0.0;0.0;20200501.0;20200930.0;3816
104;141037;4;0.0;0.0;0.0;0.0;0.0;1.0;1.0;20200501.0;20200930.0;3604
105;141038;1;1.0;1.0;1.0;1.0;1.0;0.0;0.0;20201001.0;20210430.0;1496
106;141038;2;0.0;0.0;0.0;0.0;0.0;1.0;1.0;20201001.0;20210430.0;918
107;141038;3;1.0;1.0;1.0;1.0;1.0;0.0;0.0;20200501.0;20200930.0;1496
108;141038;4;0.0;0.0;0.0;0.0;0.0;1.0;1.0;20200501.0;20200930.0;918
109;141039;1;1.0;1.0;1.0;1.0;1.0;0.0;0.0;20201001.0;20210430.0;3575
110;141039;2;0.0;0.0;0.0;0.0;0.0;1.0;1.0;20201001.0;20210430.0;2640
111;141039;3;1.0;1.0;1.0;1.0;1.0;0.0;0.0;20200501.0;20200930.0;3520
112;141039;4;0.0;0.0;0.0;0.0;0.0;1.0;1.0;20200501.0;20200930.0;2695
113;141041;1;1.0;1.0;1.0;1.0;1.0;0.0;0.0;20201001.0;20210430.0;3535
114;141041;2;0.0;0.0;0.0;0.0;0.0;1.0;1.0;20201001.0;20210430.0;2908
115;141042;1;1.0;1.0;1.0;1.0;1.0;0.0;0.0;20201001.0;20210430.0;642
116;141042;2;0.0;0.0;0.0;0.0;0.0;1.0;1.0;20201001.0;20210430.0;594
117;141042;3;1.0;1.0;1.0;1.0;1.0;0.0;0.0;20200501.0;20200930.0;642
118;141042;4;0.0;0.0;0.0;0.0;0.0;1.0;1.0;20200501.0;20200930.0;594
119;141043;1;1.0;1.0;1.0;1.0;1.0;0.0;0.0;20201001.0;20210430.0;1233
120;141043;2;0.0;0.0;0.0;0.0;0.0;1.0;1.0;20201001.0;20210430.0;566
121;141043;3;1.0;1.0;1.0;1.0;1.0;0.0;0.0;20200501.0;20200930.0;1153
122;141043;4;0.0;0.0;0.0;0.0;0.0;1.0;1.0;20200501.0;20200930.0;566
123;141044;1;1.0;1.0;1.0;1.0;1.0;0.0;0.0;20201001.0;20210430.0;750
124;141044;2;0.0;0.0;0.0;0.0;0.0;1.0;1.0;20201001.0;20210430.0;465
125;141044;3;1.0;1.0;1.0;1.0;1.0;0.0;0.0;20200501.0;20200930.0;720
126;141044;4;0.0;0.0;0.0;0.0;0.0;1.0;1.0;20200501.0;20200930.0;465
127;141045;1;1.0;1.0;1.0;1.0;1.0;0.0;0.0;20201001.0;20210430.0;1064
128;141045;2;0.0;0.0;0.0;0.0;0.0;1.0;1.0;20201001.0;20210430.0;623
129;141045;3;1.0;1.0;1.0;1.0;1.0;0.0;0.0;20200501.0;20200930.0;1064
130;141045;4;0.0;0.0;0.0;0.0;0.0;1.0;1.0;20200501.0;20200930.0;623
131;141046;1;1.0;1.0;1.0;1.0;1.0;0.0;0.0;20201001.0;20210430.0;1653
132;141046;2;0.0;0.0;0.0;0.0;0.0;1.0;1.0;20201001.0;20210430.0;1479
133;141046;3;1.0;1.0;1.0;1.0;1.0;0.0;0.0;20200501.0;20200930.0;1595
134;141046;4;0.0;0.0;0.0;0.0;0.0;1.0;1.0;20200501.0;20200930.0;1479
135;141047;1;1.0;1.0;1.0;1.0;1.0;0.0;0.0;20201001.0;20210430.0;6564
136;141047;2;0.0;0.0;0.0;0.0;0.0;1.0;1.0;20201001.0;20210430.0;3511
137;141047;3;1.0;1.0;1.0;1.0;1.0;0.0;0.0;20200501.0;20200930.0;5739
138;141047;4;0.0;0.0;0.0;0.0;0.0;1.0;1.0;20200501.0;20200930.0;3476
139;141048;1;1.0;1.0;1.0;1.0;1.0;0.0;0.0;20201001.0;20210430.0;2580
140;141048;2;0.0;0.0;0.0;0.0;0.0;1.0;1.0;20201001.0;20210430.0;1892
141;141048;3;1.0;1.0;1.0;1.0;1.0;0.0;0.0;20200501.0;20200930.0;2258
142;141048;4;0.0;0.0;0.0;0.0;0.0;1.0;1.0;20200501.0;20200930.0;1891
143;141049;1;1.0;1.0;1.0;1.0;1.0;0.0;0.0;20201001.0;20210430.0;1719
144;141049;2;0.0;0.0;0.0;0.0;0.0;1.0;1.0;20201001.0;20210430.0;1541
145;141051;1;1.0;1.0;1.0;1.0;1.0;0.0;0.0;20201001.0;20210430.0;1956
146;141051;2;0.0;0.0;0.0;0.0;0.0;1.0;1.0;20201001.0;20210430.0;1560
147;141051;3;1.0;1.0;1.0;1.0;1.0;0.0;0.0;20200501.0;20200930.0;1956
148;141051;4;0.0;0.0;0.0;0.0;0.0;1.0;1.0;20200501.0;20200930.0;1392
149;141052;1;1.0;1.0;1.0;1.0;1.0;0.0;0.0;20201001.0;20210430.0;4784
150;141052;2;0.0;0.0;0.0;0.0;0.0;1.0;1.0;20201001.0;20210430.0;3717
151;141052;3;1.0;1.0;1.0;1.0;1.0;0.0;0.0;20200501.0;20200930.0;4494
152;141052;4;0.0;0.0;0.0;0.0;0.0;1.0;1.0;20200501.0;20200930.0;3390
153;141053;1;1.0;1.0;1.0;1.0;1.0;0.0;0.0;20201001.0;20210430.0;864
154;141053;2;0.0;0.0;0.0;0.0;0.0;1.0;1.0;20201001.0;20210430.0;864
155;141053;3;1.0;1.0;1.0;1.0;1.0;0.0;0.0;20200501.0;20200930.0;864
156;141053;4;0.0;0.0;0.0;0.0;0.0;1.0;1.0;20200501.0;20200930.0;864
157;141054;1;1.0;1.0;1.0;1.0;1.0;0.0;0.0;20201001.0;20210430.0;2185
158;141054;2;0.0;0.0;0.0;0.0;0.0;1.0;1.0;20201001.0;20210430.0;1624
159;141054;3;1.0;1.0;1.0;1.0;1.0;0.0;0.0;20200501.0;20200930.0;1950
160;141054;4;0.0;0.0;0.0;0.0;0.0;1.0;1.0;20200501.0;20200930.0;1624
161;141055;1;1.0;1.0;1.0;1.0;1.0;0.0;0.0;20201001.0;20210430.0;960
162;141055;2;0.0;0.0;0.0;0.0;0.0;1.0;1.0;20201001.0;20210430.0;675
163;141055;3;1.0;1.0;1.0;1.0;1.0;0.0;0.0;20200501.0;20200930.0;930
164;141055;4;0.0;0.0;0.0;0.0;0.0;1.0;1.0;20200501.0;20200930.0;675
165;141056;1;1.0;1.0;1.0;1.0;1.0;0.0;0.0;20201001.0;20210430.0;592
166;141056;2;0.0;0.0;0.0;0.0;0.0;1.0;1.0;20201001.0;20210430.0;624
167;141057;1;1.0;1.0;1.0;1.0;1.0;0.0;0.0;20201001.0;20210430.0;4334
168;141057;2;0.0;0.0;0.0;0.0;0.0;1.0;1.0;20201001.0;20210430.0;4085
169;141058;1;1.0;1.0;1.0;1.0;1.0;0.0;0.0;20201001.0;20210430.0;940
170;141058;2;0.0;0.0;0.0;0.0;0.0;1.0;1.0;20201001.0;20210430.0;815
171;141059;1;1.0;1.0;1.0;1.0;1.0;0.0;0.0;20201001.0;20210430.0;3432
172;141059;2;0.0;0.0;0.0;0.0;0.0;1.0;1.0;20201001.0;20210430.0;2574
173;141059;3;1.0;1.0;1.0;1.0;1.0;0.0;0.0;20200501.0;20200930.0;3432
174;141059;4;0.0;0.0;0.0;0.0;0.0;1.0;1.0;20200501.0;20200930.0;2574
175;141061;1;1.0;1.0;1.0;1.0;1.0;0.0;0.0;20201001.0;20210430.0;1640
176;141061;2;0.0;0.0;0.0;0.0;0.0;1.0;1.0;20201001.0;20210430.0;1184
177;141061;3;1.0;1.0;1.0;1.0;1.0;0.0;0.0;20200501.0;20200930.0;1514
178;141061;4;0.0;0.0;0.0;0.0;0.0;1.0;1.0;20200501.0;20200930.0;1184
179;141062;1;1.0;1.0;1.0;1.0;1.0;0.0;0.0;20201001.0;20210430.0;5035
180;141062;2;0.0;0.0;0.0;0.0;0.0;1.0;1.0;20201001.0;20210430.0;4332
181;141062;3;1.0;1.0;1.0;1.0;1.0;0.0;0.0;20200501.0;20200930.0;4674
182;141062;4;0.0;0.0;0.0;0.0;0.0;1.0;1.0;20200501.0;20200930.0;3914
183;141063;1;1.0;1.0;1.0;1.0;1.0;0.0;0.0;20201001.0;20210430.0;4675
184;141063;2;0.0;0.0;0.0;0.0;0.0;1.0;1.0;20201001.0;20210430.0;2585
185;141063;3;1.0;1.0;1.0;1.0;1.0;0.0;0.0;20200501.0;20200930.0;4510
186;141063;4;0.0;0.0;0.0;0.0;0.0;1.0;1.0;20200501.0;20200930.0;2585
187;141064;1;1.0;1.0;1.0;1.0;1.0;0.0;0.0;20201001.0;20210430.0;4935
188;141064;2;0.0;0.0;0.0;0.0;0.0;1.0;1.0;20201001.0;20210430.0;2835
189;141064;3;1.0;1.0;1.0;1.0;1.0;0.0;0.0;20200501.0;20200930.0;4445
190;141064;4;0.0;0.0;0.0;0.0;0.0;1.0;1.0;20200501.0;20200930.0;2835
191;141065;1;1.0;1.0;1.0;1.0;1.0;0.0;0.0;20201001.0;20210430.0;3978
192;141065;2;0.0;0.0;0.0;0.0;0.0;1.0;1.0;20201001.0;20210430.0;2470
193;141066;1;1.0;1.0;1.0;1.0;1.0;0.0;0.0;20201001.0;20210430.0;4704
194;141066;2;0.0;0.0;0.0;0.0;0.0;1.0;1.0;20201001.0;20210430.0;3381
195;141066;3;1.0;1.0;1.0;1.0;1.0;0.0;0.0;20200501.0;20200930.0;4704
196;141066;4;0.0;0.0;0.0;0.0;0.0;1.0;1.0;20200501.0;20200930.0;3381
197;141067;1;1.0;1.0;1.0;1.0;1.0;0.0;0.0;20201001.0;20210430.0;2907
198;141067;2;0.0;0.0;0.0;0.0;0.0;1.0;1.0;20201001.0;20210430.0;2133
199;141067;3;1.0;1.0;1.0;1.0;1.0;0.0;0.0;20200501.0;20200930.0;2907
200;141067;4;0.0;0.0;0.0;0.0;0.0;1.0;1.0;20200501.0;20200930.0;2133
201;141068;1;1.0;1.0;1.0;1.0;1.0;0.0;0.0;20201001.0;20210430.0;1008
202;141068;2;0.0;0.0;0.0;0.0;0.0;1.0;1.0;20201001.0;20210430.0;861
203;141068;3;1.0;1.0;1.0;1.0;1.0;0.0;0.0;20200501.0;20200930.0;1008
204;141068;4;0.0;0.0;0.0;0.0;0.0;1.0;1.0;20200501.0;20200930.0;861
205;141069;1;1.0;1.0;1.0;1.0;1.0;0.0;0.0;20201001.0;20210430.0;989
206;141069;2;0.0;0.0;0.0;0.0;0.0;1.0;1.0;20201001.0;20210430.0;828
207;141069;3;1.0;1.0;1.0;1.0;1.0;0.0;0.0;20200501.0;20200930.0;989
208;141069;4;0.0;0.0;0.0;0.0;0.0;1.0;1.0;20200501.0;20200930.0;828
209;141071;1;1.0;1.0;1.0;1.0;1.0;0.0;0.0;20201001.0;20210430.0;1650
210;141071;2;0.0;0.0;0.0;0.0;0.0;1.0;1.0;20201001.0;20210430.0;1350
211;141071;3;1.0;1.0;1.0;1.0;1.0;0.0;0.0;20200501.0;20200930.0;1620
212;141071;4;0.0;0.0;0.0;0.0;0.0;1.0;1.0;20200501.0;20200930.0;1350
213;141072;1;1.0;1.0;1.0;1.0;1.0;0.0;0.0;20201001.0;20210430.0;1022
214;141072;2;0.0;0.0;0.0;0.0;0.0;1.0;1.0;20201001.0;20210430.0;854
215;141072;3;1.0;1.0;1.0;1.0;1.0;0.0;0.0;20200501.0;20200930.0;1022
216;141072;4;0.0;0.0;0.0;0.0;0.0;1.0;1.0;20200501.0;20200930.0;854
217;141073;1;1.0;1.0;1.0;1.0;1.0;0.0;0.0;20201001.0;20210430.0;1597
218;141073;2;0.0;0.0;0.0;0.0;0.0;1.0;1.0;20201001.0;20210430.0;1304
219;141073;3;1.0;1.0;1.0;1.0;1.0;0.0;0.0;20200501.0;20200930.0;1597
220;141073;4;0.0;0.0;0.0;0.0;0.0;1.0;1.0;20200501.0;20200930.0;1304
221;141074;1;1.0;1.0;1.0;1.0;1.0;0.0;0.0;20201001.0;20210430.0;6076
222;141074;2;0.0;0.0;0.0;0.0;0.0;1.0;1.0;20201001.0;20210430.0;4552
223;141074;3;1.0;1.0;1.0;1.0;1.0;0.0;0.0;20200501.0;20200930.0;6076
224;141074;4;0.0;0.0;0.0;0.0;0.0;1.0;1.0;20200501.0;20200930.0;4552
225;141075;1;1.0;1.0;1.0;1.0;1.0;0.0;0.0;20201001.0;20210430.0;3280
226;141075;2;0.0;0.0;0.0;0.0;0.0;1.0;1.0;20201001.0;20210430.0;2640
227;141075;3;1.0;1.0;1.0;1.0;1.0;0.0;0.0;20200501.0;20200930.0;3280
228;141075;4;0.0;0.0;0.0;0.0;0.0;1.0;1.0;20200501.0;20200930.0;2640
229;141076;1;1.0;1.0;1.0;1.0;1.0;0.0;0.0;20201001.0;20210430.0;928
230;141076;2;0.0;0.0;0.0;0.0;0.0;1.0;1.0;20201001.0;20210430.0;832
231;141076;3;1.0;1.0;1.0;1.0;1.0;0.0;0.0;20200501.0;20200930.0;928
232;141076;4;0.0;0.0;0.0;0.0;0.0;1.0;1.0;20200501.0;20200930.0;832
233;141077;1;1.0;1.0;1.0;1.0;1.0;0.0;0.0;20201001.0;20210430.0;4030
234;141077;2;0.0;0.0;0.0;0.0;0.0;1.0;1.0;20201001.0;20210430.0;2976
235;141077;3;1.0;1.0;1.0;1.0;1.0;0.0;0.0;20200501.0;20200930.0;4030
236;141077;4;0.0;0.0;0.0;0.0;0.0;1.0;1.0;20200501.0;20200930.0;2976
237;141078;1;1.0;1.0;1.0;1.0;1.0;0.0;0.0;20201001.0;20210430.0;1914
238;141078;2;0.0;0.0;0.0;0.0;0.0;1.0;1.0;20201001.0;20210430.0;1584
239;141078;3;1.0;1.0;1.0;1.0;1.0;0.0;0.0;20200501.0;20200930.0;1980
240;141078;4;0.0;0.0;0.0;0.0;0.0;1.0;1.0;20200501.0;20200930.0;1584
241;141079;1;1.0;1.0;1.0;1.0;1.0;0.0;0.0;20201001.0;20210430.0;4080
242;141079;2;0.0;0.0;0.0;0.0;0.0;1.0;1.0;20201001.0;20210430.0;2520
243;141079;3;1.0;1.0;1.0;1.0;1.0;0.0;0.0;20200501.0;20200930.0;3800
244;141079;4;0.0;0.0;0.0;0.0;0.0;1.0;1.0;20200501.0;20200930.0;2520
245;141081;1;1.0;1.0;1.0;1.0;1.0;0.0;0.0;20201001.0;20210430.0;5435
246;141081;2;0.0;0.0;0.0;0.0;0.0;1.0;1.0;20201001.0;20210430.0;3494
247;141081;3;1.0;1.0;1.0;1.0;1.0;0.0;0.0;20200501.0;20200930.0;5472
248;141081;4;0.0;0.0;0.0;0.0;0.0;1.0;1.0;20200501.0;20200930.0;3494
249;141082;1;1.0;1.0;1.0;1.0;1.0;0.0;0.0;20201001.0;20210430.0;3090
250;141082;2;0.0;0.0;0.0;0.0;0.0;1.0;1.0;20201001.0;20210430.0;2700
251;141082;3;1.0;1.0;1.0;1.0;1.0;0.0;0.0;20200501.0;20200930.0;3090
252;141082;4;0.0;0.0;0.0;0.0;0.0;1.0;1.0;20200501.0;20200930.0;2700
253;141083;1;1.0;1.0;1.0;1.0;1.0;0.0;0.0;20201001.0;20210430.0;2280
254;141083;2;0.0;0.0;0.0;0.0;0.0;1.0;1.0;20201001.0;20210430.0;1176
255;141083;3;1.0;1.0;1.0;1.0;1.0;0.0;0.0;20200501.0;20200930.0;1776
256;141083;4;0.0;0.0;0.0;0.0;0.0;1.0;1.0;20200501.0;20200930.0;1176
257;141084;1;1.0;1.0;1.0;1.0;1.0;0.0;0.0;20201001.0;20210430.0;4060
258;141084;2;0.0;0.0;0.0;0.0;0.0;1.0;1.0;20201001.0;20210430.0;2175
259;141084;3;1.0;1.0;1.0;1.0;1.0;0.0;0.0;20200501.0;20200930.0;4002
260;141084;4;0.0;0.0;0.0;0.0;0.0;1.0;1.0;20200501.0;20200930.0;2175
261;141085;1;1.0;1.0;1.0;1.0;1.0;0.0;0.0;20201001.0;20210430.0;2730
262;141085;2;0.0;0.0;0.0;0.0;0.0;1.0;1.0;20201001.0;20210430.0;1917
263;141085;3;1.0;1.0;1.0;1.0;1.0;0.0;0.0;20200501.0;20200930.0;2727
264;141085;4;0.0;0.0;0.0;0.0;0.0;1.0;1.0;20200501.0;20200930.0;1917
265;141086;1;1.0;1.0;1.0;1.0;1.0;0.0;0.0;20201001.0;20210430.0;4960
266;141086;2;0.0;0.0;0.0;0.0;0.0;1.0;1.0;20201001.0;20210430.0;3100
267;141086;3;1.0;1.0;1.0;1.0;1.0;0.0;0.0;20200501.0;20200930.0;4960
268;141086;4;0.0;0.0;0.0;0.0;0.0;1.0;1.0;20200501.0;20200930.0;3100
269;141087;1;1.0;1.0;1.0;1.0;1.0;0.0;0.0;20201001.0;20210430.0;1272
270;141087;2;0.0;0.0;0.0;0.0;0.0;1.0;1.0;20201001.0;20210430.0;1152
271;141087;3;1.0;1.0;1.0;1.0;1.0;0.0;0.0;20200501.0;20200930.0;1152
272;141087;4;0.0;0.0;0.0;0.0;0.0;1.0;1.0;20200501.0;20200930.0;1152
273;141088;1;1.0;1.0;1.0;1.0;1.0;0.0;0.0;20201001.0;20210430.0;4111
274;141088;2;0.0;0.0;0.0;0.0;0.0;1.0;1.0;20201001.0;20210430.0;3242
275;141088;3;1.0;1.0;1.0;1.0;1.0;0.0;0.0;20200501.0;20200930.0;4111
276;141088;4;0.0;0.0;0.0;0.0;0.0;1.0;1.0;20200501.0;20200930.0;3242
277;141089;1;1.0;1.0;1.0;1.0;1.0;0.0;0.0;20201001.0;20210430.0;4375
278;141089;2;0.0;0.0;0.0;0.0;0.0;1.0;1.0;20201001.0;20210430.0;2275
279;141089;3;1.0;1.0;1.0;1.0;1.0;0.0;0.0;20200501.0;20200930.0;4375
280;141089;4;0.0;0.0;0.0;0.0;0.0;1.0;1.0;20200501.0;20200930.0;2275
281;141091;1;1.0;1.0;1.0;1.0;1.0;0.0;0.0;20201001.0;20210430.0;2502
282;141091;2;0.0;0.0;0.0;0.0;0.0;1.0;1.0;20201001.0;20210430.0;2100
283;141091;3;1.0;1.0;1.0;1.0;1.0;0.0;0.0;20200501.0;20200930.0;2309
284;141091;4;0.0;0.0;0.0;0.0;0.0;1.0;1.0;20200501.0;20200930.0;1908
285;141092;1;1.0;1.0;1.0;1.0;1.0;0.0;0.0;20201001.0;20210430.0;2420
286;141092;2;0.0;0.0;0.0;0.0;0.0;1.0;1.0;20201001.0;20210430.0;2112
287;141092;3;1.0;1.0;1.0;1.0;1.0;0.0;0.0;20200501.0;20200930.0;2420
288;141092;4;0.0;0.0;0.0;0.0;0.0;1.0;1.0;20200501.0;20200930.0;2112
289;141093;1;1.0;1.0;1.0;1.0;1.0;0.0;0.0;20201001.0;20210430.0;2565
290;141093;2;0.0;0.0;0.0;0.0;0.0;1.0;1.0;20201001.0;20210430.0;2115
291;141093;3;1.0;1.0;1.0;1.0;1.0;0.0;0.0;20200501.0;20200930.0;2565
292;141093;4;0.0;0.0;0.0;0.0;0.0;1.0;1.0;20200501.0;20200930.0;2115
293;141094;1;1.0;1.0;1.0;1.0;1.0;0.0;0.0;20201001.0;20210430.0;1152
294;141094;2;0.0;0.0;0.0;0.0;0.0;1.0;1.0;20201001.0;20210430.0;984
295;141094;3;1.0;1.0;1.0;1.0;1.0;0.0;0.0;20200501.0;20200930.0;1152
296;141094;4;0.0;0.0;0.0;0.0;0.0;1.0;1.0;20200501.0;20200930.0;984
297;141095;1;1.0;1.0;1.0;1.0;1.0;0.0;0.0;20201001.0;20210430.0;4500
298;141095;2;0.0;0.0;0.0;0.0;0.0;1.0;1.0;20201001.0;20210430.0;3180
299;141095;3;1.0;1.0;1.0;1.0;1.0;0.0;0.0;20200501.0;20200930.0;4470
300;141095;4;0.0;0.0;0.0;0.0;0.0;1.0;1.0;20200501.0;20200930.0;3180
301;141096;1;1.0;1.0;1.0;1.0;1.0;0.0;0.0;20201001.0;20210430.0;930
302;141096;2;0.0;0.0;0.0;0.0;0.0;1.0;1.0;20201001.0;20210430.0;900
303;141096;3;1.0;1.0;1.0;1.0;1.0;0.0;0.0;20200501.0;20200930.0;930
304;141096;4;0.0;0.0;0.0;0.0;0.0;1.0;1.0;20200501.0;20200930.0;900
305;141097;1;1.0;1.0;1.0;1.0;1.0;0.0;0.0;20201001.0;20210430.0;2068
306;141097;2;0.0;0.0;0.0;0.0;0.0;1.0;1.0;20201001.0;20210430.0;1936
307;141097;3;1.0;1.0;1.0;1.0;1.0;0.0;0.0;20200501.0;20200930.0;2068
308;141097;4;0.0;0.0;0.0;0.0;0.0;1.0;1.0;20200501.0;20200930.0;1936
309;141098;1;1.0;1.0;1.0;1.0;1.0;0.0;0.0;20201001.0;20210430.0;4200
310;141098;2;0.0;0.0;0.0;0.0;0.0;1.0;1.0;20201001.0;20210430.0;3597
311;141098;3;1.0;1.0;1.0;1.0;1.0;0.0;0.0;20200501.0;20200930.0;4170
312;141098;4;0.0;0.0;0.0;0.0;0.0;1.0;1.0;20200501.0;20200930.0;3493
313;141099;1;1.0;1.0;1.0;1.0;1.0;0.0;0.0;20201001.0;20210430.0;3024
314;141099;2;0.0;0.0;0.0;0.0;0.0;1.0;1.0;20201001.0;20210430.0;2478
315;141099;3;1.0;1.0;1.0;1.0;1.0;0.0;0.0;20200501.0;20200930.0;3024
316;141099;4;0.0;0.0;0.0;0.0;0.0;1.0;1.0;20200501.0;20200930.0;2478
317;1411;1;1.0;1.0;1.0;1.0;1.0;0.0;0.0;20201001.0;20210430.0;17943
318;1411;2;0.0;0.0;0.0;0.0;0.0;1.0;1.0;20201001.0;20210430.0;11286
319;1411;3;1.0;1.0;1.0;1.0;1.0;0.0;0.0;20200501.0;20200930.0;17787
320;1411;4;0.0;0.0;0.0;0.0;0.0;1.0;1.0;20200501.0;20200930.0;10992
321;141111;1;1.0;1.0;1.0;1.0;1.0;0.0;0.0;20201001.0;20210430.0;3400
322;141111;2;0.0;0.0;0.0;0.0;0.0;1.0;1.0;20201001.0;20210430.0;2890
323;141111;3;1.0;1.0;1.0;1.0;1.0;0.0;0.0;20200501.0;20200930.0;3366
324;141111;4;0.0;0.0;0.0;0.0;0.0;1.0;1.0;20200501.0;20200930.0;2890
325;141112;1;1.0;1.0;1.0;1.0;1.0;0.0;0.0;20201001.0;20210430.0;2366
326;141112;2;0.0;0.0;0.0;0.0;0.0;1.0;1.0;20201001.0;20210430.0;1924
327;141112;3;1.0;1.0;1.0;1.0;1.0;0.0;0.0;20200501.0;20200930.0;2366
328;141112;4;0.0;0.0;0.0;0.0;0.0;1.0;1.0;20200501.0;20200930.0;1924
329;141113;1;1.0;1.0;1.0;1.0;1.0;0.0;0.0;20201001.0;20210430.0;2070
330;141113;2;0.0;0.0;0.0;0.0;0.0;1.0;1.0;20201001.0;20210430.0;1656
331;141113;3;1.0;1.0;1.0;1.0;1.0;0.0;0.0;20200501.0;20200930.0;1932
332;141113;4;0.0;0.0;0.0;0.0;0.0;1.0;1.0;20200501.0;20200930.0;1656
333;141114;1;1.0;1.0;1.0;1.0;1.0;0.0;0.0;20201001.0;20210430.0;2160
334;141114;2;0.0;0.0;0.0;0.0;0.0;1.0;1.0;20201001.0;20210430.0;1584
335;141114;3;1.0;1.0;1.0;1.0;1.0;0.0;0.0;20200501.0;20200930.0;2160
336;141114;4;0.0;0.0;0.0;0.0;0.0;1.0;1.0;20200501.0;20200930.0;1584
337;141115;1;1.0;1.0;1.0;1.0;1.0;0.0;0.0;20201001.0;20210430.0;2881
338;141115;2;0.0;0.0;0.0;0.0;0.0;1.0;1.0;20201001.0;20210430.0;2168
339;141115;3;1.0;1.0;1.0;1.0;1.0;0.0;0.0;20200501.0;20200930.0;2830
340;141115;4;0.0;0.0;0.0;0.0;0.0;1.0;1.0;20200501.0;20200930.0;2168
341;141116;1;1.0;1.0;1.0;1.0;1.0;0.0;0.0;20201001.0;20210430.0;3978
342;141116;2;0.0;0.0;0.0;0.0;0.0;1.0;1.0;20201001.0;20210430.0;3249
343;141116;3;1.0;1.0;1.0;1.0;1.0;0.0;0.0;20200501.0;20200930.0;3942
344;141116;4;0.0;0.0;0.0;0.0;0.0;1.0;1.0;20200501.0;20200930.0;3249
345;141117;1;1.0;1.0;1.0;1.0;1.0;0.0;0.0;20201001.0;20210430.0;952
346;141117;2;0.0;0.0;0.0;0.0;0.0;1.0;1.0;20201001.0;20210430.0;680
347;141117;3;1.0;1.0;1.0;1.0;1.0;0.0;0.0;20200501.0;20200930.0;952
348;141117;4;0.0;0.0;0.0;0.0;0.0;1.0;1.0;20200501.0;20200930.0;629
349;141118;1;1.0;1.0;1.0;1.0;1.0;0.0;0.0;20201001.0;20210430.0;2914
350;141118;2;0.0;0.0;0.0;0.0;0.0;1.0;1.0;20201001.0;20210430.0;2115
351;141118;3;1.0;1.0;1.0;1.0;1.0;0.0;0.0;20200501.0;20200930.0;2726
352;141118;4;0.0;0.0;0.0;0.0;0.0;1.0;1.0;20200501.0;20200930.0;2115
353;141119;1;1.0;1.0;1.0;1.0;1.0;0.0;0.0;20201001.0;20210430.0;4790
354;141119;2;0.0;0.0;0.0;0.0;0.0;1.0;1.0;20201001.0;20210430.0;4590
355;141119;3;1.0;1.0;1.0;1.0;1.0;0.0;0.0;20200501.0;20200930.0;5160
356;141119;4;0.0;0.0;0.0;0.0;0.0;1.0;1.0;20200501.0;20200930.0;4624
357;141121;1;1.0;1.0;1.0;1.0;1.0;0.0;0.0;20201001.0;20210430.0;1428
358;141121;2;0.0;0.0;0.0;0.0;0.0;1.0;1.0;20201001.0;20210430.0;896
359;141121;3;1.0;1.0;1.0;1.0;1.0;0.0;0.0;20200501.0;20200930.0;1218
360;141121;4;0.0;0.0;0.0;0.0;0.0;1.0;1.0;20200501.0;20200930.0;798
361;141122;1;1.0;1.0;1.0;1.0;1.0;0.0;0.0;20201001.0;20210430.0;2875
362;141122;2;0.0;0.0;0.0;0.0;0.0;1.0;1.0;20201001.0;20210430.0;2470
363;141122;3;1.0;1.0;1.0;1.0;1.0;0.0;0.0;20200501.0;20200930.0;2875
364;141122;4;0.0;0.0;0.0;0.0;0.0;1.0;1.0;20200501.0;20200930.0;2470
365;141123;1;1.0;1.0;1.0;1.0;1.0;0.0;0.0;20201001.0;20210430.0;6660
366;141123;2;0.0;0.0;0.0;0.0;0.0;1.0;1.0;20201001.0;20210430.0;6300
367;141123;3;1.0;1.0;1.0;1.0;1.0;0.0;0.0;20200501.0;20200930.0;6900
368;141123;4;0.0;0.0;0.0;0.0;0.0;1.0;1.0;20200501.0;20200930.0;6300
369;141124;1;1.0;1.0;1.0;1.0;1.0;0.0;0.0;20201001.0;20210430.0;2340
370;141124;2;0.0;0.0;0.0;0.0;0.0;1.0;1.0;20201001.0;20210430.0;1920
371;141124;3;1.0;1.0;1.0;1.0;1.0;0.0;0.0;20200501.0;20200930.0;2340
372;141124;4;0.0;0.0;0.0;0.0;0.0;1.0;1.0;20200501.0;20200930.0;1920
373;141125;1;1.0;1.0;1.0;1.0;1.0;0.0;0.0;20201001.0;20210430.0;676
374;141125;2;0.0;0.0;0.0;0.0;0.0;1.0;1.0;20201001.0;20210430.0;689
375;141125;3;1.0;1.0;1.0;1.0;1.0;0.0;0.0;20200501.0;20200930.0;676
376;141125;4;0.0;0.0;0.0;0.0;0.0;1.0;1.0;20200501.0;20200930.0;689
377;141126;1;1.0;1.0;1.0;1.0;1.0;0.0;0.0;20201001.0;20210430.0;1734
378;141126;2;0.0;0.0;0.0;0.0;0.0;1.0;1.0;20201001.0;20210430.0;1302
379;141126;3;1.0;1.0;1.0;1.0;1.0;0.0;0.0;20200501.0;20200930.0;1638
380;141126;4;0.0;0.0;0.0;0.0;0.0;1.0;1.0;20200501.0;20200930.0;1242
381;141127;1;1.0;1.0;1.0;1.0;1.0;0.0;0.0;20201001.0;20210430.0;1862
382;141127;2;0.0;0.0;0.0;0.0;0.0;1.0;1.0;20201001.0;20210430.0;1387
383;141127;3;1.0;1.0;1.0;1.0;1.0;0.0;0.0;20200501.0;20200930.0;1653
384;141127;4;0.0;0.0;0.0;0.0;0.0;1.0;1.0;20200501.0;20200930.0;1254
385;141128;1;1.0;1.0;1.0;1.0;1.0;0.0;0.0;20201001.0;20210430.0;3785
386;141128;2;0.0;0.0;0.0;0.0;0.0;1.0;1.0;20201001.0;20210430.0;2327
387;141128;3;1.0;1.0;1.0;1.0;1.0;0.0;0.0;20200501.0;20200930.0;3785
388;141128;4;0.0;0.0;0.0;0.0;0.0;1.0;1.0;20200501.0;20200930.0;2327
389;141129;1;1.0;1.0;1.0;1.0;1.0;0.0;0.0;20201001.0;20210430.0;896
390;141129;2;0.0;0.0;0.0;0.0;0.0;1.0;1.0;20201001.0;20210430.0;938
391;141129;3;1.0;1.0;1.0;1.0;1.0;0.0;0.0;20200501.0;20200930.0;896
392;141129;4;0.0;0.0;0.0;0.0;0.0;1.0;1.0;20200501.0;20200930.0;938
393;141131;1;1.0;1.0;1.0;1.0;1.0;0.0;0.0;20201001.0;20210430.0;3689
394;141131;2;0.0;0.0;0.0;0.0;0.0;1.0;1.0;20201001.0;20210430.0;2821
395;141131;3;1.0;1.0;1.0;1.0;1.0;0.0;0.0;20200501.0;20200930.0;3689
396;141131;4;0.0;0.0;0.0;0.0;0.0;1.0;1.0;20200501.0;20200930.0;2821
397;141132;1;1.0;1.0;1.0;1.0;1.0;0.0;0.0;20201001.0;20210430.0;4648
398;141132;2;0.0;0.0;0.0;0.0;0.0;1.0;1.0;20201001.0;20210430.0;3769
399;141133;1;1.0;1.0;1.0;1.0;1.0;0.0;0.0;20201001.0;20210430.0;2235
400;141133;2;0.0;0.0;0.0;0.0;0.0;1.0;1.0;20201001.0;20210430.0;1490
401;141133;3;1.0;1.0;1.0;1.0;1.0;0.0;0.0;20200501.0;20200930.0;2235
402;141133;4;0.0;0.0;0.0;0.0;0.0;1.0;1.0;20200501.0;20200930.0;1490
403;141134;1;1.0;1.0;1.0;1.0;1.0;0.0;0.0;20201001.0;20210430.0;3608
404;141134;2;0.0;0.0;0.0;0.0;0.0;1.0;1.0;20201001.0;20210430.0;1936
405;141134;3;1.0;1.0;1.0;1.0;1.0;0.0;0.0;20200501.0;20200930.0;3212
406;141134;4;0.0;0.0;0.0;0.0;0.0;1.0;1.0;20200501.0;20200930.0;1584
407;141135;1;1.0;1.0;1.0;1.0;1.0;0.0;0.0;20201001.0;20210430.0;1188
408;141135;2;0.0;0.0;0.0;0.0;0.0;1.0;1.0;20201001.0;20210430.0;936
409;141135;3;1.0;1.0;1.0;1.0;1.0;0.0;0.0;20200501.0;20200930.0;1188
410;141135;4;0.0;0.0;0.0;0.0;0.0;1.0;1.0;20200501.0;20200930.0;936
411;141136;1;1.0;1.0;1.0;1.0;1.0;0.0;0.0;20201001.0;20210430.0;5512
412;141136;2;0.0;0.0;0.0;0.0;0.0;1.0;1.0;20201001.0;20210430.0;3276
413;141136;3;1.0;1.0;1.0;1.0;1.0;0.0;0.0;20200501.0;20200930.0;5512
414;141136;4;0.0;0.0;0.0;0.0;0.0;1.0;1.0;20200501.0;20200930.0;3276
415;141137;1;1.0;1.0;1.0;1.0;1.0;0.0;0.0;20201001.0;20210430.0;1311
416;141137;2;0.0;0.0;0.0;0.0;0.0;1.0;1.0;20201001.0;20210430.0;1008
417;141137;3;1.0;1.0;1.0;1.0;1.0;0.0;0.0;20200501.0;20200930.0;1311
418;141137;4;0.0;0.0;0.0;0.0;0.0;1.0;1.0;20200501.0;20200930.0;1008
419;141138;1;1.0;1.0;1.0;1.0;1.0;0.0;0.0;20201001.0;20210430.0;3640
420;141138;2;0.0;0.0;0.0;0.0;0.0;1.0;1.0;20201001.0;20210430.0;2788
421;141138;3;1.0;1.0;1.0;1.0;1.0;0.0;0.0;20200501.0;20200930.0;3566
422;141138;4;0.0;0.0;0.0;0.0;0.0;1.0;1.0;20200501.0;20200930.0;2788
423;141139;1;1.0;1.0;1.0;1.0;1.0;0.0;0.0;20201001.0;20210430.0;3280
424;141139;2;0.0;0.0;0.0;0.0;0.0;1.0;1.0;20201001.0;20210430.0;1760
425;141139;3;1.0;1.0;1.0;1.0;1.0;0.0;0.0;20200501.0;20200930.0;3260
426;141139;4;0.0;0.0;0.0;0.0;0.0;1.0;1.0;20200501.0;20200930.0;1760
427;141141;1;1.0;1.0;1.0;1.0;1.0;0.0;0.0;20201001.0;20210430.0;5226
428;141141;2;0.0;0.0;0.0;0.0;0.0;1.0;1.0;20201001.0;20210430.0;2379
429;141141;3;1.0;1.0;1.0;1.0;1.0;0.0;0.0;20200501.0;20200930.0;5109
430;141141;4;0.0;0.0;0.0;0.0;0.0;1.0;1.0;20200501.0;20200930.0;2379
431;141142;1;1.0;1.0;1.0;1.0;1.0;0.0;0.0;20201001.0;20210430.0;4293
432;141142;2;0.0;0.0;0.0;0.0;0.0;1.0;1.0;20201001.0;20210430.0;3027
433;141142;3;1.0;1.0;1.0;1.0;1.0;0.0;0.0;20200501.0;20200930.0;4021
434;141142;4;0.0;0.0;0.0;0.0;0.0;1.0;1.0;20200501.0;20200930.0;3027
435;141143;1;1.0;1.0;1.0;1.0;1.0;0.0;0.0;20201001.0;20210430.0;4785
436;141143;2;0.0;0.0;0.0;0.0;0.0;1.0;1.0;20201001.0;20210430.0;2574
437;141143;3;1.0;1.0;1.0;1.0;1.0;0.0;0.0;20200501.0;20200930.0;4488
438;141143;4;0.0;0.0;0.0;0.0;0.0;1.0;1.0;20200501.0;20200930.0;2574
439;141144;1;1.0;1.0;1.0;1.0;1.0;0.0;0.0;20201001.0;20210430.0;5356
440;141144;2;0.0;0.0;0.0;0.0;0.0;1.0;1.0;20201001.0;20210430.0;2808
441;141144;3;1.0;1.0;1.0;1.0;1.0;0.0;0.0;20200501.0;20200930.0;5356
442;141144;4;0.0;0.0;0.0;0.0;0.0;1.0;1.0;20200501.0;20200930.0;2808
443;141145;1;1.0;1.0;1.0;1.0;1.0;0.0;0.0;20201001.0;20210430.0;4420
444;141145;2;0.0;0.0;0.0;0.0;0.0;1.0;1.0;20201001.0;20210430.0;1904
445;141145;3;1.0;1.0;1.0;1.0;1.0;0.0;0.0;20200501.0;20200930.0;3910
446;141145;4;0.0;0.0;0.0;0.0;0.0;1.0;1.0;20200501.0;20200930.0;1904
447;141146;1;1.0;1.0;1.0;1.0;1.0;0.0;0.0;20201001.0;20210430.0;2898
448;141146;2;0.0;0.0;0.0;0.0;0.0;1.0;1.0;20201001.0;20210430.0;1939
449;141146;3;1.0;1.0;1.0;1.0;1.0;0.0;0.0;20200501.0;20200930.0;2898
450;141146;4;0.0;0.0;0.0;0.0;0.0;1.0;1.0;20200501.0;20200930.0;1939
451;141148;1;1.0;1.0;1.0;1.0;1.0;0.0;0.0;20201001.0;20210430.0;4752
452;141148;2;0.0;0.0;0.0;0.0;0.0;1.0;1.0;20201001.0;20210430.0;2520
453;141148;3;1.0;1.0;1.0;1.0;1.0;0.0;0.0;20200501.0;20200930.0;4752
454;141148;4;0.0;0.0;0.0;0.0;0.0;1.0;1.0;20200501.0;20200930.0;2520
455;141149;1;1.0;1.0;1.0;1.0;1.0;0.0;0.0;20201001.0;20210430.0;3297
456;141149;2;0.0;0.0;0.0;0.0;0.0;1.0;1.0;20201001.0;20210430.0;2808
457;141149;3;1.0;1.0;1.0;1.0;1.0;0.0;0.0;20200501.0;20200930.0;2799
458;141149;4;0.0;0.0;0.0;0.0;0.0;1.0;1.0;20200501.0;20200930.0;2508
459;141152;1;1.0;1.0;1.0;1.0;1.0;0.0;0.0;20201001.0;20210430.0;5814
460;141152;2;0.0;0.0;0.0;0.0;0.0;1.0;1.0;20201001.0;20210430.0;2679
461;141152;3;1.0;1.0;1.0;1.0;1.0;0.0;0.0;20200501.0;20200930.0;4959
462;141152;4;0.0;0.0;0.0;0.0;0.0;1.0;1.0;20200501.0;20200930.0;2679
463;141153;1;1.0;1.0;1.0;1.0;1.0;0.0;0.0;20201001.0;20210430.0;1007
464;141153;2;0.0;0.0;0.0;0.0;0.0;1.0;1.0;20201001.0;20210430.0;855
465;141153;3;1.0;1.0;1.0;1.0;1.0;0.0;0.0;20200501.0;20200930.0;1007
466;141153;4;0.0;0.0;0.0;0.0;0.0;1.0;1.0;20200501.0;20200930.0;855
467;141154;1;1.0;1.0;1.0;1.0;1.0;0.0;0.0;20201001.0;20210430.0;4301
468;141154;2;0.0;0.0;0.0;0.0;0.0;1.0;1.0;20201001.0;20210430.0;2261
469;141154;3;1.0;1.0;1.0;1.0;1.0;0.0;0.0;20200501.0;20200930.0;4301
470;141154;4;0.0;0.0;0.0;0.0;0.0;1.0;1.0;20200501.0;20200930.0;2261
471;141155;1;1.0;1.0;1.0;1.0;1.0;0.0;0.0;20201001.0;20210430.0;2331
472;141155;2;0.0;0.0;0.0;0.0;0.0;1.0;1.0;20201001.0;20210430.0;1854
473;141155;3;1.0;1.0;1.0;1.0;1.0;0.0;0.0;20200501.0;20200930.0;2232
474;141155;4;0.0;0.0;0.0;0.0;0.0;1.0;1.0;20200501.0;20200930.0;1854
475;141156;1;1.0;1.0;1.0;1.0;1.0;0.0;0.0;20201001.0;20210430.0;4092
476;141156;2;0.0;0.0;0.0;0.0;0.0;1.0;1.0;20201001.0;20210430.0;3534
477;141156;3;1.0;1.0;1.0;1.0;1.0;0.0;0.0;20200501.0;20200930.0;4092
478;141156;4;0.0;0.0;0.0;0.0;0.0;1.0;1.0;20200501.0;20200930.0;3534
479;141157;1;1.0;1.0;1.0;1.0;1.0;0.0;0.0;20201001.0;20210430.0;3300
480;141157;2;0.0;0.0;0.0;0.0;0.0;1.0;1.0;20201001.0;20210430.0;2640
481;141157;3;1.0;1.0;1.0;1.0;1.0;0.0;0.0;20200501.0;20200930.0;2700
482;141157;4;0.0;0.0;0.0;0.0;0.0;1.0;1.0;20200501.0;20200930.0;2340
483;141158;1;1.0;1.0;1.0;1.0;1.0;0.0;0.0;20201001.0;20210430.0;4878
484;141158;2;0.0;0.0;0.0;0.0;0.0;1.0;1.0;20201001.0;20210430.0;2793
485;141158;3;1.0;1.0;1.0;1.0;1.0;0.0;0.0;20200501.0;20200930.0;4878
486;141158;4;0.0;0.0;0.0;0.0;0.0;1.0;1.0;20200501.0;20200930.0;2793
487;141159;1;1.0;1.0;1.0;1.0;1.0;0.0;0.0;20201001.0;20210430.0;2250
488;141159;2;0.0;0.0;0.0;0.0;0.0;1.0;1.0;20201001.0;20210430.0;1380
489;141159;3;1.0;1.0;1.0;1.0;1.0;0.0;0.0;20200501.0;20200930.0;2250
490;141159;4;0.0;0.0;0.0;0.0;0.0;1.0;1.0;20200501.0;20200930.0;1380
491;141161;1;1.0;1.0;1.0;1.0;1.0;0.0;0.0;20201001.0;20210430.0;2871
492;141161;2;0.0;0.0;0.0;0.0;0.0;1.0;1.0;20201001.0;20210430.0;1661
493;141161;3;1.0;1.0;1.0;1.0;1.0;0.0;0.0;20200501.0;20200930.0;2521
494;141161;4;0.0;0.0;0.0;0.0;0.0;1.0;1.0;20200501.0;20200930.0;1661
495;141162;1;1.0;1.0;1.0;1.0;1.0;0.0;0.0;20201001.0;20210430.0;1744
496;141162;2;0.0;0.0;0.0;0.0;0.0;1.0;1.0;20201001.0;20210430.0;424
497;141162;3;1.0;1.0;1.0;1.0;1.0;0.0;0.0;20200501.0;20200930.0;1744
498;141162;4;0.0;0.0;0.0;0.0;0.0;1.0;1.0;20200501.0;20200930.0;424
499;141163;1;1.0;1.0;1.0;1.0;1.0;0.0;0.0;20201001.0;20210430.0;1120
500;141163;2;0.0;0.0;0.0;0.0;0.0;1.0;1.0;20201001.0;20210430.0;1024
501;141163;3;1.0;1.0;1.0;1.0;1.0;0.0;0.0;20200501.0;20200930.0;1120
502;141163;4;0.0;0.0;0.0;0.0;0.0;1.0;1.0;20200501.0;20200930.0;992
503;141164;1;1.0;1.0;1.0;1.0;1.0;0.0;0.0;20201001.0;20210430.0;255
504;141164;2;0.0;0.0;0.0;0.0;0.0;1.0;1.0;20201001.0;20210430.0;189
505;141164;3;1.0;1.0;1.0;1.0;1.0;0.0;0.0;20200501.0;20200930.0;255
506;141164;4;0.0;0.0;0.0;0.0;0.0;1.0;1.0;20200501.0;20200930.0;189
507;141165;1;1.0;1.0;1.0;1.0;1.0;0.0;0.0;20201001.0;20210430.0;645
508;141165;2;0.0;0.0;0.0;0.0;0.0;1.0;1.0;20201001.0;20210430.0;355
509;141165;3;1.0;1.0;1.0;1.0;1.0;0.0;0.0;20200501.0;20200930.0;595
510;141165;4;0.0;0.0;0.0;0.0;0.0;1.0;1.0;20200501.0;20200930.0;355
511;141166;1;1.0;1.0;1.0;1.0;1.0;0.0;0.0;20201001.0;20210430.0;938
512;141166;2;0.0;0.0;0.0;0.0;0.0;1.0;1.0;20201001.0;20210430.0;1204
513;141166;3;1.0;1.0;1.0;1.0;1.0;0.0;0.0;20200501.0;20200930.0;840
514;141166;4;0.0;0.0;0.0;0.0;0.0;1.0;1.0;20200501.0;20200930.0;1064
515;141168;1;1.0;1.0;1.0;1.0;1.0;0.0;0.0;20201001.0;20210430.0;1292
516;141168;2;0.0;0.0;0.0;0.0;0.0;1.0;1.0;20201001.0;20210430.0;1011
517;141168;3;1.0;1.0;1.0;1.0;1.0;0.0;0.0;20200501.0;20200930.0;1292
518;141168;4;0.0;0.0;0.0;0.0;0.0;1.0;1.0;20200501.0;20200930.0;1011
519;141169;1;1.0;1.0;1.0;1.0;1.0;0.0;0.0;20201001.0;20210430.0;1596
520;141169;2;0.0;0.0;0.0;0.0;0.0;1.0;1.0;20201001.0;20210430.0;1246
521;141169;3;1.0;1.0;1.0;1.0;1.0;0.0;0.0;20200501.0;20200930.0;1596
522;141169;4;0.0;0.0;0.0;0.0;0.0;1.0;1.0;20200501.0;20200930.0;1246
523;141171;1;1.0;1.0;1.0;1.0;1.0;0.0;0.0;20201001.0;20210430.0;1421
524;141171;2;0.0;0.0;0.0;0.0;0.0;1.0;1.0;20201001.0;20210430.0;855
525;141171;3;1.0;1.0;1.0;1.0;1.0;0.0;0.0;20200501.0;20200930.0;1421
526;141171;4;0.0;0.0;0.0;0.0;0.0;1.0;1.0;20200501.0;20200930.0;855
527;141172;1;1.0;1.0;1.0;1.0;1.0;0.0;0.0;20201001.0;20210430.0;4047
528;141172;2;0.0;0.0;0.0;0.0;0.0;1.0;1.0;20201001.0;20210430.0;4446
529;141172;3;1.0;1.0;1.0;1.0;1.0;0.0;0.0;20200501.0;20200930.0;4047
530;141172;4;0.0;0.0;0.0;0.0;0.0;1.0;1.0;20200501.0;20200930.0;3990
531;141173;1;1.0;1.0;1.0;1.0;1.0;0.0;0.0;20201001.0;20210430.0;1984
532;141173;2;0.0;0.0;0.0;0.0;0.0;1.0;1.0;20201001.0;20210430.0;2112
533;141173;3;1.0;1.0;1.0;1.0;1.0;0.0;0.0;20200501.0;20200930.0;1920
534;141173;4;0.0;0.0;0.0;0.0;0.0;1.0;1.0;20200501.0;20200930.0;2048
535;141174;1;1.0;1.0;1.0;1.0;1.0;0.0;0.0;20201001.0;20210430.0;347
536;141174;2;0.0;0.0;0.0;0.0;0.0;1.0;1.0;20201001.0;20210430.0;347
537;141174;3;1.0;1.0;1.0;1.0;1.0;0.0;0.0;20200501.0;20200930.0;347
538;141174;4;0.0;0.0;0.0;0.0;0.0;1.0;1.0;20200501.0;20200930.0;347
539;141175;1;1.0;1.0;1.0;1.0;1.0;0.0;0.0;20201001.0;20210430.0;2871
540;141175;2;0.0;0.0;0.0;0.0;0.0;1.0;1.0;20201001.0;20210430.0;1386
541;141175;3;1.0;1.0;1.0;1.0;1.0;0.0;0.0;20200501.0;20200930.0;2871
542;141175;4;0.0;0.0;0.0;0.0;0.0;1.0;1.0;20200501.0;20200930.0;1386
543;141176;1;1.0;1.0;1.0;1.0;1.0;0.0;0.0;20201001.0;20210430.0;1764
544;141176;2;0.0;0.0;0.0;0.0;0.0;1.0;1.0;20201001.0;20210430.0;756
545;141176;3;1.0;1.0;1.0;1.0;1.0;0.0;0.0;20200501.0;20200930.0;1716
546;141176;4;0.0;0.0;0.0;0.0;0.0;1.0;1.0;20200501.0;20200930.0;744
547;141177;1;1.0;1.0;1.0;1.0;1.0;0.0;0.0;20201001.0;20210430.0;3094
548;141177;2;0.0;0.0;0.0;0.0;0.0;1.0;1.0;20201001.0;20210430.0;1428
549;141177;3;1.0;1.0;1.0;1.0;1.0;0.0;0.0;20200501.0;20200930.0;3298
550;141177;4;0.0;0.0;0.0;0.0;0.0;1.0;1.0;20200501.0;20200930.0;1428
551;141178;1;1.0;1.0;1.0;1.0;1.0;0.0;0.0;20201001.0;20210430.0;4296
552;141178;2;0.0;0.0;0.0;0.0;0.0;1.0;1.0;20201001.0;20210430.0;3804
553;141178;3;1.0;1.0;1.0;1.0;1.0;0.0;0.0;20200501.0;20200930.0;4056
554;141178;4;0.0;0.0;0.0;0.0;0.0;1.0;1.0;20200501.0;20200930.0;3396
555;141179;1;1.0;1.0;1.0;1.0;1.0;0.0;0.0;20201001.0;20210430.0;2200
556;141179;2;0.0;0.0;0.0;0.0;0.0;1.0;1.0;20201001.0;20210430.0;1980
557;141179;3;1.0;1.0;1.0;1.0;1.0;0.0;0.0;20200501.0;20200930.0;2200
558;141179;4;0.0;0.0;0.0;0.0;0.0;1.0;1.0;20200501.0;20200930.0;1980
559;141181;1;1.0;1.0;1.0;1.0;1.0;0.0;0.0;20201001.0;20210430.0;6490
560;141181;2;0.0;0.0;0.0;0.0;0.0;1.0;1.0;20201001.0;20210430.0;5390
561;141181;3;1.0;1.0;1.0;1.0;1.0;0.0;0.0;20200501.0;20200930.0;6380
562;141181;4;0.0;0.0;0.0;0.0;0.0;1.0;1.0;20200501.0;20200930.0;5390
563;141182;1;1.0;1.0;1.0;1.0;1.0;0.0;0.0;20201001.0;20210430.0;5546
564;141182;2;0.0;0.0;0.0;0.0;0.0;1.0;1.0;20201001.0;20210430.0;4602
565;141182;3;1.0;1.0;1.0;1.0;1.0;0.0;0.0;20200501.0;20200930.0;4956
566;141182;4;0.0;0.0;0.0;0.0;0.0;1.0;1.0;20200501.0;20200930.0;4484
567;141183;1;1.0;1.0;1.0;1.0;1.0;0.0;0.0;20201001.0;20210430.0;3746
568;141183;2;0.0;0.0;0.0;0.0;0.0;1.0;1.0;20201001.0;20210430.0;2843
569;141183;3;1.0;1.0;1.0;1.0;1.0;0.0;0.0;20200501.0;20200930.0;3676
570;141183;4;0.0;0.0;0.0;0.0;0.0;1.0;1.0;20200501.0;20200930.0;2843
571;141184;1;1.0;1.0;1.0;1.0;1.0;0.0;0.0;20201001.0;20210430.0;3484
572;141184;2;0.0;0.0;0.0;0.0;0.0;1.0;1.0;20201001.0;20210430.0;2028
573;141184;3;1.0;1.0;1.0;1.0;1.0;0.0;0.0;20200501.0;20200930.0;3511
574;141184;4;0.0;0.0;0.0;0.0;0.0;1.0;1.0;20200501.0;20200930.0;2028
575;141185;1;1.0;1.0;1.0;1.0;1.0;0.0;0.0;20201001.0;20210430.0;2275
576;141185;2;0.0;0.0;0.0;0.0;0.0;1.0;1.0;20201001.0;20210430.0;1995
577;141185;3;1.0;1.0;1.0;1.0;1.0;0.0;0.0;20200501.0;20200930.0;2240
578;141185;4;0.0;0.0;0.0;0.0;0.0;1.0;1.0;20200501.0;20200930.0;1995
579;141186;1;1.0;1.0;1.0;1.0;1.0;0.0;0.0;20201001.0;20210430.0;2752
580;141186;2;0.0;0.0;0.0;0.0;0.0;1.0;1.0;20201001.0;20210430.0;2279
581;141186;3;1.0;1.0;1.0;1.0;1.0;0.0;0.0;20200501.0;20200930.0;2795
582;141186;4;0.0;0.0;0.0;0.0;0.0;1.0;1.0;20200501.0;20200930.0;2279
583;141187;1;1.0;1.0;1.0;1.0;1.0;0.0;0.0;20201001.0;20210430.0;2594
584;141187;2;0.0;0.0;0.0;0.0;0.0;1.0;1.0;20201001.0;20210430.0;1967
585;141187;3;1.0;1.0;1.0;1.0;1.0;0.0;0.0;20200501.0;20200930.0;2594
586;141187;4;0.0;0.0;0.0;0.0;0.0;1.0;1.0;20200501.0;20200930.0;1767
587;141188;1;1.0;1.0;1.0;1.0;1.0;0.0;0.0;20201001.0;20210430.0;3285
588;141188;2;0.0;0.0;0.0;0.0;0.0;1.0;1.0;20201001.0;20210430.0;3139
589;141188;3;1.0;1.0;1.0;1.0;1.0;0.0;0.0;20200501.0;20200930.0;3285
590;141188;4;0.0;0.0;0.0;0.0;0.0;1.0;1.0;20200501.0;20200930.0;3139
591;141189;1;1.0;1.0;1.0;1.0;1.0;0.0;0.0;20201001.0;20210430.0;2390
592;141189;2;0.0;0.0;0.0;0.0;0.0;1.0;1.0;20201001.0;20210430.0;1416
593;141189;3;1.0;1.0;1.0;1.0;1.0;0.0;0.0;20200501.0;20200930.0;2256
594;141189;4;0.0;0.0;0.0;0.0;0.0;1.0;1.0;20200501.0;20200930.0;1416
595;141191;1;1.0;1.0;1.0;1.0;1.0;0.0;0.0;20201001.0;20210430.0;2668
596;141191;2;0.0;0.0;0.0;0.0;0.0;1.0;1.0;20201001.0;20210430.0;1914
597;141191;3;1.0;1.0;1.0;1.0;1.0;0.0;0.0;20200501.0;20200930.0;2378
598;141191;4;0.0;0.0;0.0;0.0;0.0;1.0;1.0;20200501.0;20200930.0;1914
599;141192;1;1.0;1.0;1.0;1.0;1.0;0.0;0.0;20201001.0;20210430.0;4850
600;141192;2;0.0;0.0;0.0;0.0;0.0;1.0;1.0;20201001.0;20210430.0;3900
601;141192;3;1.0;1.0;1.0;1.0;1.0;0.0;0.0;20200501.0;20200930.0;4850
602;141192;4;0.0;0.0;0.0;0.0;0.0;1.0;1.0;20200501.0;20200930.0;3900
603;141193;1;1.0;1.0;1.0;1.0;1.0;0.0;0.0;20201001.0;20210430.0;2126
604;141193;2;0.0;0.0;0.0;0.0;0.0;1.0;1.0;20201001.0;20210430.0;1308
605;141193;3;1.0;1.0;1.0;1.0;1.0;0.0;0.0;20200501.0;20200930.0;2126
606;141193;4;0.0;0.0;0.0;0.0;0.0;1.0;1.0;20200501.0;20200930.0;1308
607;141194;1;1.0;1.0;1.0;1.0;1.0;0.0;0.0;20201001.0;20210430.0;3186
608;141194;2;0.0;0.0;0.0;0.0;0.0;1.0;1.0;20201001.0;20210430.0;1935
609;141194;3;1.0;1.0;1.0;1.0;1.0;0.0;0.0;20200501.0;20200930.0;3184
610;141194;4;0.0;0.0;0.0;0.0;0.0;1.0;1.0;20200501.0;20200930.0;1935
611;141195;1;1.0;1.0;1.0;1.0;1.0;0.0;0.0;20201001.0;20210430.0;2132
612;141195;3;1.0;1.0;1.0;1.0;1.0;0.0;0.0;20200501.0;20200930.0;2132
613;141196;1;1.0;1.0;1.0;1.0;1.0;0.0;0.0;20201001.0;20210430.0;1936
614;141196;2;0.0;0.0;0.0;0.0;0.0;1.0;1.0;20201001.0;20210430.0;1680
615;141196;3;1.0;1.0;1.0;1.0;1.0;0.0;0.0;20200501.0;20200930.0;1712
616;141196;4;0.0;0.0;0.0;0.0;0.0;1.0;1.0;20200501.0;20200930.0;1536
617;141197;1;1.0;1.0;1.0;1.0;1.0;0.0;0.0;20201001.0;20210430.0;3072
618;141197;2;0.0;0.0;0.0;0.0;0.0;1.0;1.0;20201001.0;20210430.0;1354
619;141197;3;1.0;1.0;1.0;1.0;1.0;0.0;0.0;20200501.0;20200930.0;2222
620;141197;4;0.0;0.0;0.0;0.0;0.0;1.0;1.0;20200501.0;20200930.0;1354
621;141198;1;1.0;1.0;1.0;1.0;1.0;0.0;0.0;20201001.0;20210430.0;3115
622;141198;2;0.0;0.0;0.0;0.0;0.0;1.0;1.0;20201001.0;20210430.0;2065
623;141198;3;1.0;1.0;1.0;1.0;1.0;0.0;0.0;20200501.0;20200930.0;3115
624;141198;4;0.0;0.0;0.0;0.0;0.0;1.0;1.0;20200501.0;20200930.0;2065
625;141199;1;1.0;1.0;1.0;1.0;1.0;0.0;0.0;20201001.0;20210430.0;3471
626;141199;2;0.0;0.0;0.0;0.0;0.0;1.0;1.0;20201001.0;20210430.0;3003
627;141199;3;1.0;1.0;1.0;1.0;1.0;0.0;0.0;20200501.0;20200930.0;3432
628;141199;4;0.0;0.0;0.0;0.0;0.0;1.0;1.0;20200501.0;20200930.0;2808
629;1412;1;1.0;1.0;1.0;1.0;1.0;0.0;0.0;20201001.0;20210430.0;8741
630;1412;2;0.0;0.0;0.0;0.0;0.0;1.0;1.0;20201001.0;20210430.0;7430
631;1412;3;1.0;1.0;1.0;1.0;1.0;0.0;0.0;20200501.0;20200930.0;8656
632;1412;4;0.0;0.0;0.0;0.0;0.0;1.0;1.0;20200501.0;20200930.0;7077
633;14121;1;1.0;1.0;1.0;1.0;1.0;0.0;0.0;20201001.0;20210430.0;2100
634;14121;2;0.0;0.0;0.0;0.0;0.0;1.0;1.0;20201001.0;20210430.0;1548
635;14121;3;1.0;1.0;1.0;1.0;1.0;0.0;0.0;20200501.0;20200930.0;2100
636;14121;4;0.0;0.0;0.0;0.0;0.0;1.0;1.0;20200501.0;20200930.0;1548
637;141212;1;1.0;1.0;1.0;1.0;1.0;0.0;0.0;20201001.0;20210430.0;2072
638;141212;2;0.0;0.0;0.0;0.0;0.0;1.0;1.0;20201001.0;20210430.0;1564
639;141212;3;1.0;1.0;1.0;1.0;1.0;0.0;0.0;20200501.0;20200930.0;2040
640;141212;4;0.0;0.0;0.0;0.0;0.0;1.0;1.0;20200501.0;20200930.0;1564
641;141215;1;1.0;1.0;1.0;1.0;1.0;0.0;0.0;20201001.0;20210430.0;540
642;141215;2;0.0;0.0;0.0;0.0;0.0;1.0;1.0;20201001.0;20210430.0;345
643;141215;3;1.0;1.0;1.0;1.0;1.0;0.0;0.0;20200501.0;20200930.0;540
644;141215;4;0.0;0.0;0.0;0.0;0.0;1.0;1.0;20200501.0;20200930.0;345
645;141216;1;1.0;1.0;1.0;1.0;1.0;0.0;0.0;20201001.0;20210430.0;1704
646;141216;2;0.0;0.0;0.0;0.0;0.0;1.0;1.0;20201001.0;20210430.0;912
647;141216;3;1.0;1.0;1.0;1.0;1.0;0.0;0.0;20200501.0;20200930.0;1704
648;141216;4;0.0;0.0;0.0;0.0;0.0;1.0;1.0;20200501.0;20200930.0;912
649;141217;1;1.0;1.0;1.0;1.0;1.0;0.0;0.0;20201001.0;20210430.0;2365
650;141217;2;0.0;0.0;0.0;0.0;0.0;1.0;1.0;20201001.0;20210430.0;2193
651;141217;3;1.0;1.0;1.0;1.0;1.0;0.0;0.0;20200501.0;20200930.0;2365
652;141217;4;0.0;0.0;0.0;0.0;0.0;1.0;1.0;20200501.0;20200930.0;2193
653;141218;1;1.0;1.0;1.0;1.0;1.0;0.0;0.0;20201001.0;20210430.0;3645
654;141218;2;0.0;0.0;0.0;0.0;0.0;1.0;1.0;20201001.0;20210430.0;2250
655;141218;3;1.0;1.0;1.0;1.0;1.0;0.0;0.0;20200501.0;20200930.0;3645
656;141218;4;0.0;0.0;0.0;0.0;0.0;1.0;1.0;20200501.0;20200930.0;2250
657;141219;1;1.0;1.0;1.0;1.0;1.0;0.0;0.0;20201001.0;20210430.0;4158
658;141219;2;0.0;0.0;0.0;0.0;0.0;1.0;1.0;20201001.0;20210430.0;2695
659;141219;3;1.0;1.0;1.0;1.0;1.0;0.0;0.0;20200501.0;20200930.0;4158
660;141219;4;0.0;0.0;0.0;0.0;0.0;1.0;1.0;20200501.0;20200930.0;2695
661;141221;1;1.0;1.0;1.0;1.0;1.0;0.0;0.0;20201001.0;20210430.0;4480
662;141221;2;0.0;0.0;0.0;0.0;0.0;1.0;1.0;20201001.0;20210430.0;3755
663;141221;3;1.0;1.0;1.0;1.0;1.0;0.0;0.0;20200501.0;20200930.0;4369
664;141221;4;0.0;0.0;0.0;0.0;0.0;1.0;1.0;20200501.0;20200930.0;3755
665;141222;1;1.0;1.0;1.0;1.0;1.0;0.0;0.0;20201001.0;20210430.0;2170
666;141222;2;0.0;0.0;0.0;0.0;0.0;1.0;1.0;20201001.0;20210430.0;1750
667;141222;3;1.0;1.0;1.0;1.0;1.0;0.0;0.0;20200501.0;20200930.0;2170
668;141222;4;0.0;0.0;0.0;0.0;0.0;1.0;1.0;20200501.0;20200930.0;1750
669;141223;1;1.0;1.0;1.0;1.0;1.0;0.0;0.0;20201001.0;20210430.0;702
670;141223;2;0.0;0.0;0.0;0.0;0.0;1.0;1.0;20201001.0;20210430.0;533
671;141223;3;1.0;1.0;1.0;1.0;1.0;0.0;0.0;20200501.0;20200930.0;702
672;141223;4;0.0;0.0;0.0;0.0;0.0;1.0;1.0;20200501.0;20200930.0;533
673;141224;1;1.0;1.0;1.0;1.0;1.0;0.0;0.0;20201001.0;20210430.0;7480
674;141224;2;0.0;0.0;0.0;0.0;0.0;1.0;1.0;20201001.0;20210430.0;7480
675;141224;3;1.0;1.0;1.0;1.0;1.0;0.0;0.0;20200501.0;20200930.0;7480
676;141224;4;0.0;0.0;0.0;0.0;0.0;1.0;1.0;20200501.0;20200930.0;7480
677;141225;1;1.0;1.0;1.0;1.0;1.0;0.0;0.0;20201001.0;20210430.0;2094
678;141225;2;0.0;0.0;0.0;0.0;0.0;1.0;1.0;20201001.0;20210430.0;1522
679;141225;3;1.0;1.0;1.0;1.0;1.0;0.0;0.0;20200501.0;20200930.0;2036
680;141225;4;0.0;0.0;0.0;0.0;0.0;1.0;1.0;20200501.0;20200930.0;1522
681;141226;1;1.0;1.0;1.0;1.0;1.0;0.0;0.0;20201001.0;20210430.0;8336
682;141226;2;0.0;0.0;0.0;0.0;0.0;1.0;1.0;20201001.0;20210430.0;5940
683;141226;3;1.0;1.0;1.0;1.0;1.0;0.0;0.0;20200501.0;20200930.0;8336
684;141226;4;0.0;0.0;0.0;0.0;0.0;1.0;1.0;20200501.0;20200930.0;5940
685;141227;1;1.0;1.0;1.0;1.0;1.0;0.0;0.0;20201001.0;20210430.0;396
686;141227;2;0.0;0.0;0.0;0.0;0.0;1.0;1.0;20201001.0;20210430.0;396
687;141227;3;1.0;1.0;1.0;1.0;1.0;0.0;0.0;20200501.0;20200930.0;396
688;141227;4;0.0;0.0;0.0;0.0;0.0;1.0;1.0;20200501.0;20200930.0;396
689;141228;1;1.0;1.0;1.0;1.0;1.0;0.0;0.0;20201001.0;20210430.0;1631
690;141228;2;0.0;0.0;0.0;0.0;0.0;1.0;1.0;20201001.0;20210430.0;1371
691;141228;3;1.0;1.0;1.0;1.0;1.0;0.0;0.0;20200501.0;20200930.0;1631
692;141228;4;0.0;0.0;0.0;0.0;0.0;1.0;1.0;20200501.0;20200930.0;1371
693;141229;1;1.0;1.0;1.0;1.0;1.0;0.0;0.0;20201001.0;20210430.0;2838
694;141229;2;0.0;0.0;0.0;0.0;0.0;1.0;1.0;20201001.0;20210430.0;2187
695;141229;3;1.0;1.0;1.0;1.0;1.0;0.0;0.0;20200501.0;20200930.0;2838
696;141229;4;0.0;0.0;0.0;0.0;0.0;1.0;1.0;20200501.0;20200930.0;2187
697;141231;1;1.0;1.0;1.0;1.0;1.0;0.0;0.0;20201001.0;20210430.0;3246
698;141231;2;0.0;0.0;0.0;0.0;0.0;1.0;1.0;20201001.0;20210430.0;3048
699;141231;3;1.0;1.0;1.0;1.0;1.0;0.0;0.0;20200501.0;20200930.0;3246
700;141231;4;0.0;0.0;0.0;0.0;0.0;1.0;1.0;20200501.0;20200930.0;3048
701;141232;1;1.0;1.0;1.0;1.0;1.0;0.0;0.0;20201001.0;20210430.0;736
702;141232;2;0.0;0.0;0.0;0.0;0.0;1.0;1.0;20201001.0;20210430.0;528
703;141232;3;1.0;1.0;1.0;1.0;1.0;0.0;0.0;20200501.0;20200930.0;736
704;141232;4;0.0;0.0;0.0;0.0;0.0;1.0;1.0;20200501.0;20200930.0;528
705;141233;1;1.0;1.0;1.0;1.0;1.0;0.0;0.0;20201001.0;20210430.0;1480
706;141233;2;0.0;0.0;0.0;0.0;0.0;1.0;1.0;20201001.0;20210430.0;1198
707;141233;3;1.0;1.0;1.0;1.0;1.0;0.0;0.0;20200501.0;20200930.0;1480
708;141233;4;0.0;0.0;0.0;0.0;0.0;1.0;1.0;20200501.0;20200930.0;1198
709;141234;1;1.0;1.0;1.0;1.0;1.0;0.0;0.0;20201001.0;20210430.0;543
710;141234;2;0.0;0.0;0.0;0.0;0.0;1.0;1.0;20201001.0;20210430.0;423
711;141234;3;1.0;1.0;1.0;1.0;1.0;0.0;0.0;20200501.0;20200930.0;543
712;141234;4;0.0;0.0;0.0;0.0;0.0;1.0;1.0;20200501.0;20200930.0;423
713;141235;1;1.0;1.0;1.0;1.0;1.0;0.0;0.0;20201001.0;20210430.0;959
714;141235;2;0.0;0.0;0.0;0.0;0.0;1.0;1.0;20201001.0;20210430.0;910
715;141235;3;1.0;1.0;1.0;1.0;1.0;0.0;0.0;20200501.0;20200930.0;959
716;141235;4;0.0;0.0;0.0;0.0;0.0;1.0;1.0;20200501.0;20200930.0;910
717;141236;1;1.0;1.0;1.0;1.0;1.0;0.0;0.0;20201001.0;20210430.0;760
718;141236;2;0.0;0.0;0.0;0.0;0.0;1.0;1.0;20201001.0;20210430.0;536
719;141236;3;1.0;1.0;1.0;1.0;1.0;0.0;0.0;20200501.0;20200930.0;760
720;141236;4;0.0;0.0;0.0;0.0;0.0;1.0;1.0;20200501.0;20200930.0;536
721;141237;1;1.0;1.0;1.0;1.0;1.0;0.0;0.0;20201001.0;20210430.0;896
722;141237;2;0.0;0.0;0.0;0.0;0.0;1.0;1.0;20201001.0;20210430.0;896
723;141237;3;1.0;1.0;1.0;1.0;1.0;0.0;0.0;20200501.0;20200930.0;896
724;141237;4;0.0;0.0;0.0;0.0;0.0;1.0;1.0;20200501.0;20200930.0;896
725;141238;1;1.0;1.0;1.0;1.0;1.0;0.0;0.0;20201001.0;20210430.0;744
726;141238;2;0.0;0.0;0.0;0.0;0.0;1.0;1.0;20201001.0;20210430.0;712
727;141238;3;1.0;1.0;1.0;1.0;1.0;0.0;0.0;20200501.0;20200930.0;744
728;141238;4;0.0;0.0;0.0;0.0;0.0;1.0;1.0;20200501.0;20200930.0;712
729;141239;1;1.0;1.0;1.0;1.0;1.0;0.0;0.0;20201001.0;20210430.0;3591
730;141239;2;0.0;0.0;0.0;0.0;0.0;1.0;1.0;20201001.0;20210430.0;3906
731;141239;3;1.0;1.0;1.0;1.0;1.0;0.0;0.0;20200501.0;20200930.0;3591
732;141239;4;0.0;0.0;0.0;0.0;0.0;1.0;1.0;20200501.0;20200930.0;3906
733;141241;1;1.0;1.0;1.0;1.0;1.0;0.0;0.0;20201001.0;20210430.0;410
734;141241;2;0.0;0.0;0.0;0.0;0.0;1.0;1.0;20201001.0;20210430.0;337
735;141241;3;1.0;1.0;1.0;1.0;1.0;0.0;0.0;20200501.0;20200930.0;410
736;141241;4;0.0;0.0;0.0;0.0;0.0;1.0;1.0;20200501.0;20200930.0;337
737;141242;1;1.0;1.0;1.0;1.0;1.0;0.0;0.0;20201001.0;20210430.0;3384
738;141242;2;0.0;0.0;0.0;0.0;0.0;1.0;1.0;20201001.0;20210430.0;3384
739;141242;3;1.0;1.0;1.0;1.0;1.0;0.0;0.0;20200501.0;20200930.0;3384
740;141242;4;0.0;0.0;0.0;0.0;0.0;1.0;1.0;20200501.0;20200930.0;3384
741;141243;1;1.0;1.0;1.0;1.0;1.0;0.0;0.0;20201001.0;20210430.0;5800
742;141243;2;0.0;0.0;0.0;0.0;0.0;1.0;1.0;20201001.0;20210430.0;5440
743;141243;3;1.0;1.0;1.0;1.0;1.0;0.0;0.0;20200501.0;20200930.0;5800
744;141243;4;0.0;0.0;0.0;0.0;0.0;1.0;1.0;20200501.0;20200930.0;5440
745;141244;1;1.0;1.0;1.0;1.0;1.0;0.0;0.0;20201001.0;20210430.0;954
746;141244;2;0.0;0.0;0.0;0.0;0.0;1.0;1.0;20201001.0;20210430.0;558
747;141244;3;1.0;1.0;1.0;1.0;1.0;0.0;0.0;20200501.0;20200930.0;954
748;141244;4;0.0;0.0;0.0;0.0;0.0;1.0;1.0;20200501.0;20200930.0;558
749;141245;1;1.0;1.0;1.0;1.0;1.0;0.0;0.0;20201001.0;20210430.0;5772
750;141245;2;0.0;0.0;0.0;0.0;0.0;1.0;1.0;20201001.0;20210430.0;4160
751;141245;3;1.0;1.0;1.0;1.0;1.0;0.0;0.0;20200501.0;20200930.0;5356
752;141245;4;0.0;0.0;0.0;0.0;0.0;1.0;1.0;20200501.0;20200930.0;4160
753;141246;1;1.0;1.0;1.0;1.0;1.0;0.0;0.0;20201001.0;20210430.0;506
754;141246;2;0.0;0.0;0.0;0.0;0.0;1.0;1.0;20201001.0;20210430.0;484
755;141246;3;1.0;1.0;1.0;1.0;1.0;0.0;0.0;20200501.0;20200930.0;506
756;141246;4;0.0;0.0;0.0;0.0;0.0;1.0;1.0;20200501.0;20200930.0;484
757;141247;1;1.0;1.0;1.0;1.0;1.0;0.0;0.0;20201001.0;20210430.0;2028
758;141247;2;0.0;0.0;0.0;0.0;0.0;1.0;1.0;20201001.0;20210430.0;1716
759;141247;3;1.0;1.0;1.0;1.0;1.0;0.0;0.0;20200501.0;20200930.0;2028
760;141247;4;0.0;0.0;0.0;0.0;0.0;1.0;1.0;20200501.0;20200930.0;1716
761;141248;1;1.0;1.0;1.0;1.0;1.0;0.0;0.0;20201001.0;20210430.0;700
762;141248;2;0.0;0.0;0.0;0.0;0.0;1.0;1.0;20201001.0;20210430.0;490
763;141248;3;1.0;1.0;1.0;1.0;1.0;0.0;0.0;20200501.0;20200930.0;700
764;141248;4;0.0;0.0;0.0;0.0;0.0;1.0;1.0;20200501.0;20200930.0;490
765;141249;1;1.0;1.0;1.0;1.0;1.0;0.0;0.0;20201001.0;20210430.0;3192
766;141249;2;0.0;0.0;0.0;0.0;0.0;1.0;1.0;20201001.0;20210430.0;3192
767;141249;3;1.0;1.0;1.0;1.0;1.0;0.0;0.0;20200501.0;20200930.0;3192
768;141249;4;0.0;0.0;0.0;0.0;0.0;1.0;1.0;20200501.0;20200930.0;3192
769;141251;1;1.0;1.0;1.0;1.0;1.0;0.0;0.0;20201001.0;20210430.0;840
770;141251;2;0.0;0.0;0.0;0.0;0.0;1.0;1.0;20201001.0;20210430.0;720
771;141251;3;1.0;1.0;1.0;1.0;1.0;0.0;0.0;20200501.0;20200930.0;840
772;141251;4;0.0;0.0;0.0;0.0;0.0;1.0;1.0;20200501.0;20200930.0;720
773;141252;1;1.0;1.0;1.0;1.0;1.0;0.0;0.0;20201001.0;20210430.0;600
774;141252;2;0.0;0.0;0.0;0.0;0.0;1.0;1.0;20201001.0;20210430.0;420
775;141252;3;1.0;1.0;1.0;1.0;1.0;0.0;0.0;20200501.0;20200930.0;600
776;141252;4;0.0;0.0;0.0;0.0;0.0;1.0;1.0;20200501.0;20200930.0;420
777;141253;1;1.0;1.0;1.0;1.0;1.0;0.0;0.0;20201001.0;20210430.0;1700
778;141253;2;0.0;0.0;0.0;0.0;0.0;1.0;1.0;20201001.0;20210430.0;1125
779;141253;3;1.0;1.0;1.0;1.0;1.0;0.0;0.0;20200501.0;20200930.0;1700
780;141253;4;0.0;0.0;0.0;0.0;0.0;1.0;1.0;20200501.0;20200930.0;1125
781;1413;1;1.0;1.0;1.0;1.0;1.0;0.0;0.0;20201001.0;20210430.0;4330
782;1413;2;0.0;0.0;0.0;0.0;0.0;1.0;1.0;20201001.0;20210430.0;2878
783;1413;3;1.0;1.0;1.0;1.0;1.0;0.0;0.0;20200501.0;20200930.0;3550
784;1413;4;0.0;0.0;0.0;0.0;0.0;1.0;1.0;20200501.0;20200930.0;2424
785;1414;1;1.0;1.0;1.0;1.0;1.0;0.0;0.0;20201001.0;20210430.0;5964
786;1414;2;0.0;0.0;0.0;0.0;0.0;1.0;1.0;20201001.0;20210430.0;4978
787;1414;3;1.0;1.0;1.0;1.0;1.0;0.0;0.0;20200501.0;20200930.0;6125
788;1414;4;0.0;0.0;0.0;0.0;0.0;1.0;1.0;20200501.0;20200930.0;5028
789;1415;1;1.0;1.0;1.0;1.0;1.0;0.0;0.0;20201001.0;20210430.0;6800
790;1415;2;0.0;0.0;0.0;0.0;0.0;1.0;1.0;20201001.0;20210430.0;4478
791;1415;3;1.0;1.0;1.0;1.0;1.0;0.0;0.0;20200501.0;20200930.0;6652
792;1415;4;0.0;0.0;0.0;0.0;0.0;1.0;1.0;20200501.0;20200930.0;4388
793;1416;1;1.0;1.0;1.0;1.0;1.0;0.0;0.0;20201001.0;20210430.0;2813
794;1416;2;0.0;0.0;0.0;0.0;0.0;1.0;1.0;20201001.0;20210430.0;2700
795;1416;3;1.0;1.0;1.0;1.0;1.0;0.0;0.0;20200501.0;20200930.0;2686
796;1416;4;0.0;0.0;0.0;0.0;0.0;1.0;1.0;20200501.0;20200930.0;2438
797;1417;1;1.0;1.0;1.0;1.0;1.0;0.0;0.0;20201001.0;20210430.0;5945
798;1417;2;0.0;0.0;0.0;0.0;0.0;1.0;1.0;20201001.0;20210430.0;3468
799;1417;3;1.0;1.0;1.0;1.0;1.0;0.0;0.0;20200501.0;20200930.0;5819
800;1417;4;0.0;0.0;0.0;0.0;0.0;1.0;1.0;20200501.0;20200930.0;3468
801;1418;1;1.0;1.0;1.0;1.0;1.0;0.0;0.0;20201001.0;20210430.0;4805
802;1418;2;0.0;0.0;0.0;0.0;0.0;1.0;1.0;20201001.0;20210430.0;3930
803;1418;3;1.0;1.0;1.0;1.0;1.0;0.0;0.0;20200501.0;20200930.0;4983
804;1418;4;0.0;0.0;0.0;0.0;0.0;1.0;1.0;20200501.0;20200930.0;3652
805;1419;1;1.0;1.0;1.0;1.0;1.0;0.0;0.0;20201001.0;20210430.0;3678
806;1419;2;0.0;0.0;0.0;0.0;0.0;1.0;1.0;20201001.0;20210430.0;2164
807;1419;3;1.0;1.0;1.0;1.0;1.0;0.0;0.0;20200501.0;20200930.0;3060
808;1419;4;0.0;0.0;0.0;0.0;0.0;1.0;1.0;20200501.0;20200930.0;2164
809;151;3;1.0;1.0;1.0;1.0;1.0;0.0;0.0;20200501.0;20200930.0;3168
810;155;2876561;0.0;0.0;0.0;0.0;0.0;1.0;1.0;20191221.0;20301231.0;1223
811;1672;3;1.0;1.0;1.0;1.0;1.0;0.0;0.0;20200501.0;20200930.0;9744
812;18;3;1.0;1.0;1.0;1.0;1.0;0.0;0.0;20200501.0;20200930.0;1246
813;183;2877999;0.0;0.0;0.0;0.0;0.0;1.0;1.0;20191221.0;20301231.0;1195
814;191;2897864;0.0;0.0;0.0;0.0;0.0;1.0;1.0;20191213.0;20301231.0;2022
815;1926;3;1.0;1.0;1.0;1.0;1.0;0.0;0.0;20200501.0;20200930.0;9262
816;1944;3;1.0;1.0;1.0;1.0;1.0;0.0;0.0;20200501.0;20200930.0;1129
817;2;2867979;0.0;0.0;0.0;0.0;0.0;1.0;1.0;20191123.0;20301231.0;1458
818;2;2897846;0.0;0.0;0.0;0.0;0.0;1.0;1.0;20191214.0;20301231.0;1975
819;231;2776996;0.0;0.0;0.0;0.0;0.0;1.0;1.0;20190807.0;20301231.0;986
820;235;2766558;0.0;0.0;0.0;0.0;0.0;1.0;1.0;20190706.0;20301231.0;1692
821;251;2919865;1.0;1.0;1.0;1.0;1.0;1.0;1.0;20191228.0;20301231.0;771
822;253;2762283;0.0;0.0;0.0;0.0;0.0;1.0;1.0;20190615.0;20301231.0;1078
823;296;2776985;1.0;1.0;1.0;1.0;1.0;1.0;1.0;20190807.0;20301231.0;880
824;311;3;1.0;1.0;1.0;1.0;1.0;0.0;0.0;20200501.0;20200930.0;5936
825;4;2791356;0.0;0.0;0.0;0.0;0.0;1.0;1.0;20190909.0;20301231.0;1460
826;414;3;1.0;1.0;1.0;1.0;1.0;0.0;0.0;20200501.0;20200930.0;3655
827;448;3;1.0;1.0;1.0;1.0;1.0;0.0;0.0;20200501.0;20200930.0;1829
828;466;3;1.0;1.0;1.0;1.0;1.0;0.0;0.0;20200501.0;20200930.0;2834
829;485;3;1.0;1.0;1.0;1.0;1.0;0.0;0.0;20200501.0;20200930.0;2737
830;576;3;1.0;1.0;1.0;1.0;1.0;0.0;0.0;20200501.0;20200930.0;2180
831;6;3;1.0;1.0;1.0;1.0;1.0;0.0;0.0;20200501.0;20200930.0;375
832;651;2977425;0.0;0.0;0.0;0.0;0.0;1.0;1.0;20200229.0;20301231.0;886
833;699;2961119;0.0;0.0;0.0;0.0;0.0;1.0;1.0;20200118.0;20301231.0;1495
834;7;2777381;0.0;0.0;0.0;0.0;0.0;1.0;1.0;20190810.0;20301231.0;1026
835;711;3;1.0;1.0;1.0;1.0;1.0;0.0;0.0;20200501.0;20200930.0;4304
836;719;2;0.0;0.0;0.0;0.0;0.0;1.0;1.0;20201001.0;20210430.0;1992
837;728;2695869;0.0;0.0;0.0;0.0;0.0;1.0;1.0;20181025.0;20301231.0;830
838;747;2787677;0.0;0.0;0.0;0.0;0.0;1.0;1.0;20190831.0;20301231.0;1376
839;775;2798648;0.0;0.0;0.0;0.0;0.0;1.0;1.0;20190928.0;20301231.0;1178
840;812;3;1.0;1.0;1.0;1.0;1.0;0.0;0.0;20200501.0;20200930.0;3612
841;818;2867977;0.0;0.0;0.0;0.0;0.0;1.0;0.0;20191123.0;20301231.0;2755
842;828;2695315;0.0;0.0;0.0;0.0;0.0;1.0;1.0;20181025.0;20301231.0;2125
